G0032_i2	G0032_i2	100	675	675
G0032_i2	G0354_i4	98.9365	619	675
G0032_i2	G0355_i2	98.8419	599	675
G0032_i2	G0385_i1	98.8255	590	675
G0032_i2	G0395_i1	98.8011	585	675
G0032_i2	G0390_i2	98.7985	505	675
G0032_i2	G0078_i1	98.7558	589	675
G0032_i2	G0322_i1	98.7496	523	675
G0032_i2	G0321_i2	98.7416	624	675
G0032_i2	G0391_i2	98.7167	588	675
G0032_i2	G0174_i2	98.7021	634	675
G0032_i2	G0333_i1	98.6972	618	675
G0032_i2	G0349_i1	98.6935	565	675
G0032_i2	G0348_i1	98.6921	593	675
G0032_i2	G0370_i3	98.6891	610	675
G0032_i2	G0350_i2	98.6844	591	675
G0032_i2	G0065_i2	98.6778	605	675
G0032_i2	G0361_i1	98.6691	611	675
G0032_i2	G0364_i3	98.6642	584	675
G0032_i2	G0075_i4	98.6571	570	675
G0032_i2	G0046_i2	98.6569	589	675
G0032_i2	G0362_i3	98.6516	583	675
G0032_i2	G0393_i1	98.6469	580	675
G0032_i2	G0218_i4b	98.6356	575	675
G0032_i2	G0315_i1	98.6311	607	675
G0032_i2	G0365_i1	98.6201	499	675
G0032_i2	G0371_i3	98.6192	603	675
G0032_i2	G0411_i1	98.6149	598	675
G0032_i2	G0412_i1	98.6122	602	675
G0032_i2	G0317_i1	98.6002	609	675
G0032_i2	G0363_i4	98.5933	613	675
G0032_i2	T262_i2	98.5619	596	675
G0032_i2	G0416_i3	98.5457	600	675
G0032_i2	G0380_i2	98.5313	612	675
G0032_i2	T150_i1	98.4519	612	675
G0032_i2	LL_i39	98.3705	608	675
G0065_i2	G0065_i2	100	686	692
G0065_i2	G0371_i3	99.2145	629	692
G0065_i2	G0363_i4	99.1375	651	692
G0065_i2	G0350_i2	99.1	632	692
G0065_i2	G0364_i3	99.0998	620	692
G0065_i2	G0411_i1	99.0824	642	692
G0065_i2	G0365_i1	99.0699	536	692
G0065_i2	G0412_i1	99.0339	641	692
G0065_i2	G0317_i1	98.9324	599	692
G0065_i2	G0075_i4	98.919	559	692
G0065_i2	G0416_i3	98.9151	592	692
G0065_i2	G0380_i2	98.8606	611	692
G0065_i2	G0395_i1	98.833	573	692
G0065_i2	G0391_i2	98.825	589	692
G0065_i2	G0078_i1	98.8211	582	692
G0065_i2	G0333_i1	98.7727	613	692
G0065_i2	G0385_i1	98.7711	581	692
G0065_i2	G0046_i2	98.7593	596	692
G0065_i2	G0348_i1	98.7501	587	692
G0065_i2	G0032_i2	98.7485	609	692
G0065_i2	G0362_i3	98.7277	576	692
G0065_i2	G0174_i2	98.7242	623	692
G0065_i2	G0361_i1	98.7168	602	692
G0065_i2	G0390_i2	98.705	500	692
G0065_i2	T150_i1	98.6882	593	692
G0065_i2	G0393_i1	98.6739	595	692
G0065_i2	G0218_i4b	98.6721	589	692
G0065_i2	G0355_i2	98.6686	591	692
G0065_i2	T262_i2	98.6482	579	692
G0065_i2	G0354_i4	98.6465	609	692
G0065_i2	G0321_i2	98.6367	602	692
G0065_i2	G0315_i1	98.6046	612	692
G0065_i2	G0349_i1	98.5725	563	692
G0065_i2	LL_i39	98.5662	590	692
G0065_i2	G0322_i1	98.5053	527	692
G0065_i2	G0370_i3	98.5051	609	692
G0078_i1	G0078_i1	100	623	626
G0078_i1	G0333_i1	98.9705	597	626
G0078_i1	G0348_i1	98.9589	567	626
G0078_i1	G0361_i1	98.9552	581	626
G0078_i1	G0321_i2	98.9421	588	626
G0078_i1	G0385_i1	98.9391	563	626
G0078_i1	G0317_i1	98.9188	578	626
G0078_i1	G0416_i3	98.9054	587	626
G0078_i1	G0391_i2	98.8911	577	626
G0078_i1	G0362_i3	98.8838	557	626
G0078_i1	G0390_i2	98.8686	491	626
G0078_i1	G0065_i2	98.8601	581	626
G0078_i1	G0393_i1	98.8517	561	626
G0078_i1	G0174_i2	98.8415	594	626
G0078_i1	G0355_i2	98.8271	566	626
G0078_i1	G0395_i1	98.814	563	626
G0078_i1	G0349_i1	98.8034	554	626
G0078_i1	G0370_i3	98.8008	588	626
G0078_i1	G0371_i3	98.7795	576	626
G0078_i1	G0364_i3	98.7638	557	626
G0078_i1	G0363_i4	98.7526	575	626
G0078_i1	G0412_i1	98.7496	580	626
G0078_i1	G0380_i2	98.7449	587	626
G0078_i1	G0315_i1	98.7389	582	626
G0078_i1	G0075_i4	98.7286	551	626
G0078_i1	G0411_i1	98.7239	564	626
G0078_i1	G0032_i2	98.7234	590	626
G0078_i1	G0354_i4	98.7181	580	626
G0078_i1	G0350_i2	98.7145	562	626
G0078_i1	G0046_i2	98.7066	580	626
G0078_i1	G0322_i1	98.6978	504	626
G0078_i1	G0365_i1	98.6875	482	626
G0078_i1	T150_i1	98.6388	573	626
G0078_i1	G0218_i4b	98.6308	569	626
G0078_i1	T262_i2	98.5305	570	626
G0078_i1	LL_i39	98.4944	575	626
G0218_i4b	G0218_i4b	100	635	637
G0218_i4b	G0364_i3	98.7607	563	637
G0218_i4b	G0411_i1	98.7495	570	637
G0218_i4b	G0412_i1	98.7287	581	637
G0218_i4b	G0391_i2	98.7211	576	637
G0218_i4b	G0350_i2	98.7195	572	637
G0218_i4b	G0046_i2	98.7051	577	637
G0218_i4b	G0315_i1	98.6989	595	637
G0218_i4b	G0065_i2	98.6956	585	637
G0218_i4b	G0395_i1	98.689	558	637
G0218_i4b	G0354_i4	98.6671	585	637
G0218_i4b	G0365_i1	98.6572	498	637
G0218_i4b	G0348_i1	98.6519	573	637
G0218_i4b	G0385_i1	98.6509	563	637
G0218_i4b	G0078_i1	98.6508	563	637
G0218_i4b	G0362_i3	98.6415	564	637
G0218_i4b	G0371_i3	98.6361	583	637
G0218_i4b	G0032_i2	98.6258	587	637
G0218_i4b	G0361_i1	98.625	589	637
G0218_i4b	G0349_i1	98.6108	557	637
G0218_i4b	G0380_i2	98.6025	589	637
G0218_i4b	G0363_i4	98.5822	592	637
G0218_i4b	G0322_i1	98.5775	506	637
G0218_i4b	G0393_i1	98.5669	566	637
G0218_i4b	G0355_i2	98.5619	574	637
G0218_i4b	G0321_i2	98.5607	583	637
G0218_i4b	G0174_i2	98.5551	602	637
G0218_i4b	G0317_i1	98.5524	580	637
G0218_i4b	G0416_i3	98.5376	586	637
G0218_i4b	T262_i2	98.5216	571	637
G0218_i4b	G0075_i4	98.5061	550	637
G0218_i4b	G0390_i2	98.472	495	637
G0218_i4b	G0370_i3	98.4426	596	637
G0218_i4b	G0333_i1	98.4392	590	637
G0218_i4b	T150_i1	98.3705	589	637
G0218_i4b	LL_i39	98.3286	577	637
G0317_i1	G0317_i1	100	655	658
G0317_i1	G0395_i1	99.0279	573	658
G0317_i1	G0385_i1	98.971	583	658
G0317_i1	G0416_i3	98.9305	600	658
G0317_i1	G0349_i1	98.9005	558	658
G0317_i1	G0333_i1	98.8911	612	658
G0317_i1	G0390_i2	98.882	507	658
G0317_i1	G0380_i2	98.8567	609	658
G0317_i1	G0355_i2	98.8562	589	658
G0317_i1	G0078_i1	98.847	577	658
G0317_i1	G0065_i2	98.8384	601	658
G0317_i1	G0354_i4	98.8331	599	658
G0317_i1	G0075_i4	98.8289	563	658
G0317_i1	G0391_i2	98.8229	592	658
G0317_i1	G0412_i1	98.8195	594	658
G0317_i1	G0371_i3	98.8148	600	658
G0317_i1	G0363_i4	98.7919	605	658
G0317_i1	G0411_i1	98.7857	594	658
G0317_i1	G0350_i2	98.7791	586	658
G0317_i1	G0348_i1	98.7763	595	658
G0317_i1	G0315_i1	98.7688	608	658
G0317_i1	G0321_i2	98.7677	601	658
G0317_i1	G0322_i1	98.7504	524	658
G0317_i1	G0174_i2	98.748	622	658
G0317_i1	G0362_i3	98.7457	584	658
G0317_i1	G0046_i2	98.742	594	658
G0317_i1	G0393_i1	98.735	584	658
G0317_i1	G0365_i1	98.7302	494	658
G0317_i1	T150_i1	98.7238	594	658
G0317_i1	G0364_i3	98.7137	577	658
G0317_i1	G0361_i1	98.6995	615	658
G0317_i1	T262_i2	98.6849	582	658
G0317_i1	G0370_i3	98.6819	610	658
G0317_i1	G0032_i2	98.6755	609	658
G0317_i1	G0218_i4b	98.5524	576	658
G0317_i1	LL_i39	98.4382	591	658
G0322_i1	G0322_i1	100	558	571
G0322_i1	G0354_i4	99.9933	568	571
G0322_i1	G0355_i2	99.9566	564	571
G0322_i1	G0416_i3	98.9318	524	571
G0322_i1	G0391_i2	98.9276	526	571
G0322_i1	G0315_i1	98.882	529	571
G0322_i1	G0333_i1	98.8675	537	571
G0322_i1	G0032_i2	98.8627	532	571
G0322_i1	G0370_i3	98.8437	540	571
G0322_i1	G0075_i4	98.8386	505	571
G0322_i1	G0349_i1	98.8319	510	571
G0322_i1	G0317_i1	98.7892	525	571
G0322_i1	G0046_i2	98.7827	521	571
G0322_i1	G0321_i2	98.7783	557	571
G0322_i1	G0371_i3	98.7723	525	571
G0322_i1	G0390_i2	98.7558	465	571
G0322_i1	G0395_i1	98.7485	510	571
G0322_i1	G0078_i1	98.7463	507	571
G0322_i1	G0174_i2	98.7423	529	571
G0322_i1	G0362_i3	98.7067	517	571
G0322_i1	G0348_i1	98.7023	515	571
G0322_i1	G0385_i1	98.6955	515	571
G0322_i1	G0361_i1	98.675	527	571
G0322_i1	T262_i2	98.6559	510	571
G0322_i1	G0380_i2	98.6506	534	571
G0322_i1	G0350_i2	98.6371	522	571
G0322_i1	G0365_i1	98.6305	467	571
G0322_i1	G0411_i1	98.6279	524	571
G0322_i1	G0412_i1	98.6215	524	571
G0322_i1	G0363_i4	98.5969	535	571
G0322_i1	G0364_i3	98.5906	512	571
G0322_i1	T150_i1	98.585	524	571
G0322_i1	G0065_i2	98.5733	527	571
G0322_i1	G0393_i1	98.538	512	571
G0322_i1	G0218_i4b	98.5174	512	571
G0322_i1	LL_i39	98.4217	526	571
G0348_i1	G0348_i1	100	640	643
G0348_i1	G0361_i1	99.9944	639	643
G0348_i1	G0362_i3	99.9513	616	643
G0348_i1	G0393_i1	99.7484	605	643
G0348_i1	G0385_i1	99.0936	571	643
G0348_i1	G0395_i1	99.0775	573	643
G0348_i1	G0349_i1	99.0498	562	643
G0348_i1	G0333_i1	98.9745	618	643
G0348_i1	G0078_i1	98.9686	570	643
G0348_i1	G0321_i2	98.9558	593	643
G0348_i1	G0390_i2	98.9276	498	643
G0348_i1	G0174_i2	98.9028	597	643
G0348_i1	G0075_i4	98.8349	557	643
G0348_i1	G0380_i2	98.8305	587	643
G0348_i1	G0046_i2	98.8267	581	643
G0348_i1	G0065_i2	98.8166	584	643
G0348_i1	G0317_i1	98.7744	603	643
G0348_i1	G0032_i2	98.7687	592	643
G0348_i1	T262_i2	98.7633	576	643
G0348_i1	G0411_i1	98.7528	578	643
G0348_i1	G0416_i3	98.7447	584	643
G0348_i1	G0355_i2	98.7388	576	643
G0348_i1	G0391_i2	98.7369	580	643
G0348_i1	T150_i1	98.7155	589	643
G0348_i1	G0370_i3	98.7155	596	643
G0348_i1	G0354_i4	98.7111	592	643
G0348_i1	G0350_i2	98.6969	573	643
G0348_i1	G0371_i3	98.6899	592	643
G0348_i1	LL_i39	98.676	579	643
G0348_i1	G0363_i4	98.6576	594	643
G0348_i1	G0315_i1	98.6574	595	643
G0348_i1	G0412_i1	98.655	588	643
G0348_i1	G0322_i1	98.6548	519	643
G0348_i1	G0364_i3	98.6546	567	643
G0348_i1	G0218_i4b	98.6324	577	643
G0348_i1	G0365_i1	98.5818	495	643
G0350_i2	G0350_i2	100	660	661
G0350_i2	G0363_i4	99.982	654	661
G0350_i2	G0371_i3	99.9748	631	661
G0350_i2	G0364_i3	99.9544	633	661
G0350_i2	G0412_i1	99.8479	644	661
G0350_i2	G0411_i1	99.8374	641	661
G0350_i2	G0365_i1	99.8174	546	661
G0350_i2	G0065_i2	99.1641	628	661
G0350_i2	G0046_i2	98.9677	574	661
G0350_i2	G0380_i2	98.8512	600	661
G0350_i2	G0317_i1	98.8087	587	661
G0350_i2	G0349_i1	98.8014	550	661
G0350_i2	G0075_i4	98.7931	561	661
G0350_i2	G0395_i1	98.7784	562	661
G0350_i2	G0391_i2	98.7656	582	661
G0350_i2	G0078_i1	98.7519	563	661
G0350_i2	G0333_i1	98.7517	598	661
G0350_i2	G0416_i3	98.7486	591	661
G0350_i2	G0385_i1	98.741	565	661
G0350_i2	G0032_i2	98.7307	592	661
G0350_i2	G0355_i2	98.719	588	661
G0350_i2	G0370_i3	98.7069	590	661
G0350_i2	G0362_i3	98.704	568	661
G0350_i2	G0393_i1	98.6892	580	661
G0350_i2	G0174_i2	98.6869	590	661
G0350_i2	G0218_i4b	98.6779	579	661
G0350_i2	G0361_i1	98.6766	590	661
G0350_i2	G0348_i1	98.6752	574	661
G0350_i2	G0321_i2	98.6736	591	661
G0350_i2	G0354_i4	98.6689	594	661
G0350_i2	T150_i1	98.6595	582	661
G0350_i2	G0390_i2	98.6556	495	661
G0350_i2	G0315_i1	98.6464	616	661
G0350_i2	G0322_i1	98.6403	520	661
G0350_i2	T262_i2	98.5763	570	661
G0350_i2	LL_i39	98.5621	568	661
G0355_i2	G0355_i2	100	646	646
G0355_i2	G0354_i4	99.9839	645	646
G0355_i2	G0322_i1	99.8083	561	646
G0355_i2	G0333_i1	98.8433	605	646
G0355_i2	G0391_i2	98.8369	589	646
G0355_i2	G0416_i3	98.7957	590	646
G0355_i2	G0032_i2	98.7951	601	646
G0355_i2	G0315_i1	98.7822	591	646
G0355_i2	G0390_i2	98.7791	501	646
G0355_i2	G0075_i4	98.7467	571	646
G0355_i2	G0321_i2	98.7439	625	646
G0355_i2	G0380_i2	98.7393	599	646
G0355_i2	G0349_i1	98.7349	565	646
G0355_i2	G0317_i1	98.7322	591	646
G0355_i2	G0370_i3	98.7271	611	646
G0355_i2	G0078_i1	98.7126	564	646
G0355_i2	G0046_i2	98.7086	574	646
G0355_i2	G0385_i1	98.7043	562	646
G0355_i2	G0371_i3	98.6962	597	646
G0355_i2	G0361_i1	98.683	589	646
G0355_i2	G0348_i1	98.6827	574	646
G0355_i2	G0395_i1	98.6788	564	646
G0355_i2	G0174_i2	98.6702	596	646
G0355_i2	G0362_i3	98.6505	565	646
G0355_i2	G0412_i1	98.6471	588	646
G0355_i2	T150_i1	98.6398	582	646
G0355_i2	G0365_i1	98.6212	497	646
G0355_i2	G0065_i2	98.608	589	646
G0355_i2	G0411_i1	98.5957	587	646
G0355_i2	G0350_i2	98.5637	582	646
G0355_i2	G0393_i1	98.5286	564	646
G0355_i2	G0363_i4	98.5256	600	646
G0355_i2	T262_i2	98.5202	573	646
G0355_i2	G0364_i3	98.4925	578	646
G0355_i2	G0218_i4b	98.448	572	646
G0355_i2	LL_i39	98.4344	581	646
G0362_i3	G0362_i3	100	624	626
G0362_i3	G0361_i1	99.9789	623	626
G0362_i3	G0348_i1	99.9772	617	626
G0362_i3	G0393_i1	99.7881	592	626
G0362_i3	G0395_i1	99.0986	556	626
G0362_i3	G0385_i1	99.0862	562	626
G0362_i3	G0349_i1	99.0354	544	626
G0362_i3	G0333_i1	99.012	600	626
G0362_i3	G0078_i1	99.0012	563	626
G0362_i3	G0174_i2	98.9072	578	626
G0362_i3	G0321_i2	98.8981	578	626
G0362_i3	G0075_i4	98.8349	544	626
G0362_i3	G0390_i2	98.8327	495	626
G0362_i3	G0416_i3	98.8217	568	626
G0362_i3	G0046_i2	98.7894	575	626
G0362_i3	G0350_i2	98.7867	557	626
G0362_i3	G0354_i4	98.7763	574	626
G0362_i3	G0065_i2	98.7753	577	626
G0362_i3	G0032_i2	98.7611	577	626
G0362_i3	G0411_i1	98.759	569	626
G0362_i3	G0317_i1	98.7532	585	626
G0362_i3	G0380_i2	98.7513	575	626
G0362_i3	T150_i1	98.7427	574	626
G0362_i3	G0218_i4b	98.7321	559	626
G0362_i3	G0412_i1	98.7228	571	626
G0362_i3	G0391_i2	98.7164	570	626
G0362_i3	G0322_i1	98.7104	503	626
G0362_i3	G0355_i2	98.7054	566	626
G0362_i3	G0364_i3	98.693	557	626
G0362_i3	G0363_i4	98.6803	578	626
G0362_i3	G0365_i1	98.6733	484	626
G0362_i3	G0371_i3	98.6609	574	626
G0362_i3	T262_i2	98.6517	567	626
G0362_i3	G0315_i1	98.6331	583	626
G0362_i3	G0370_i3	98.6217	580	626
G0362_i3	LL_i39	98.5601	574	626
G0364_i3	G0364_i3	100	653	655
G0364_i3	G0371_i3	99.9647	625	655
G0364_i3	G0350_i2	99.9607	634	655
G0364_i3	G0363_i4	99.9535	648	655
G0364_i3	G0411_i1	99.8605	636	655
G0364_i3	G0412_i1	99.8492	639	655
G0364_i3	G0365_i1	99.8222	534	655
G0364_i3	G0065_i2	99.1898	619	655
G0364_i3	G0380_i2	98.8058	593	655
G0364_i3	G0046_i2	98.8029	578	655
G0364_i3	G0317_i1	98.8011	577	655
G0364_i3	G0348_i1	98.7685	565	655
G0364_i3	G0349_i1	98.7646	542	655
G0364_i3	G0218_i4b	98.7624	567	655
G0364_i3	G0075_i4	98.7349	559	655
G0364_i3	G0078_i1	98.7274	560	655
G0364_i3	G0391_i2	98.7157	577	655
G0364_i3	G0354_i4	98.7155	585	655
G0364_i3	G0032_i2	98.7127	586	655
G0364_i3	G0362_i3	98.7073	556	655
G0364_i3	G0416_i3	98.687	584	655
G0364_i3	G0321_i2	98.6761	588	655
G0364_i3	G0393_i1	98.6633	582	655
G0364_i3	G0395_i1	98.6597	562	655
G0364_i3	G0355_i2	98.6528	578	655
G0364_i3	G0370_i3	98.6452	584	655
G0364_i3	G0361_i1	98.6237	586	655
G0364_i3	T150_i1	98.6236	574	655
G0364_i3	G0385_i1	98.6026	561	655
G0364_i3	G0390_i2	98.5901	493	655
G0364_i3	T262_i2	98.5682	559	655
G0364_i3	G0174_i2	98.5676	589	655
G0364_i3	G0333_i1	98.552	597	655
G0364_i3	LL_i39	98.5336	567	655
G0364_i3	G0315_i1	98.5004	608	655
G0364_i3	G0322_i1	98.4941	512	655
G0370_i3	G0370_i3	100	685	685
G0370_i3	G0333_i1	98.8032	626	685
G0370_i3	G0321_i2	98.7817	633	685
G0370_i3	G0391_i2	98.7641	594	685
G0370_i3	G0315_i1	98.7562	610	685
G0370_i3	G0349_i1	98.7464	570	685
G0370_i3	G0390_i2	98.7272	500	685
G0370_i3	G0354_i4	98.7111	628	685
G0370_i3	G0317_i1	98.7069	607	685
G0370_i3	G0348_i1	98.6974	590	685
G0370_i3	G0078_i1	98.6852	588	685
G0370_i3	G0361_i1	98.6665	608	685
G0370_i3	G0362_i3	98.6582	579	685
G0370_i3	G0355_i2	98.6479	611	685
G0370_i3	G0322_i1	98.637	545	685
G0370_i3	G0416_i3	98.636	603	685
G0370_i3	G0174_i2	98.6357	611	685
G0370_i3	G0411_i1	98.6327	596	685
G0370_i3	G0385_i1	98.6314	582	685
G0370_i3	G0395_i1	98.6131	576	685
G0370_i3	G0032_i2	98.6085	613	685
G0370_i3	G0365_i1	98.6061	495	685
G0370_i3	G0393_i1	98.5904	570	685
G0370_i3	G0364_i3	98.5843	582	685
G0370_i3	G0065_i2	98.5664	597	685
G0370_i3	G0046_i2	98.5627	597	685
G0370_i3	G0350_i2	98.5405	598	685
G0370_i3	G0371_i3	98.5389	608	685
G0370_i3	G0218_i4b	98.5348	587	685
G0370_i3	G0380_i2	98.5259	615	685
G0370_i3	G0412_i1	98.5203	607	685
G0370_i3	G0363_i4	98.5022	610	685
G0370_i3	G0075_i4	98.4925	569	685
G0370_i3	T150_i1	98.4145	604	685
G0370_i3	T262_i2	98.3827	593	685
G0370_i3	LL_i39	98.2753	594	685
G0380_i2	G0380_i2	100	658	658
G0380_i2	G0046_i2	99.7218	623	658
G0380_i2	G0317_i1	98.8915	604	658
G0380_i2	G0371_i3	98.8677	606	658
G0380_i2	G0363_i4	98.8433	611	658
G0380_i2	G0065_i2	98.8411	609	658
G0380_i2	G0364_i3	98.8357	590	658
G0380_i2	G0350_i2	98.8322	592	658
G0380_i2	G0365_i1	98.8147	504	658
G0380_i2	G0416_i3	98.8133	603	658
G0380_i2	G0412_i1	98.8132	609	658
G0380_i2	G0411_i1	98.7783	600	658
G0380_i2	G0354_i4	98.7475	617	658
G0380_i2	G0174_i2	98.7417	611	658
G0380_i2	G0075_i4	98.7314	573	658
G0380_i2	G0395_i1	98.7298	581	658
G0380_i2	G0348_i1	98.7296	592	658
G0380_i2	G0355_i2	98.7241	597	658
G0380_i2	G0333_i1	98.7061	619	658
G0380_i2	G0390_i2	98.7046	500	658
G0380_i2	G0315_i1	98.7016	607	658
G0380_i2	G0391_i2	98.6972	604	658
G0380_i2	G0385_i1	98.6968	586	658
G0380_i2	G0361_i1	98.6911	608	658
G0380_i2	G0362_i3	98.6892	575	658
G0380_i2	G0078_i1	98.6813	581	658
G0380_i2	G0322_i1	98.6212	527	658
G0380_i2	G0393_i1	98.6164	578	658
G0380_i2	G0218_i4b	98.6055	589	658
G0380_i2	G0349_i1	98.6039	564	658
G0380_i2	T262_i2	98.5629	587	658
G0380_i2	T150_i1	98.5512	614	658
G0380_i2	G0321_i2	98.5376	619	658
G0380_i2	G0370_i3	98.5336	615	658
G0380_i2	G0032_i2	98.5212	610	658
G0380_i2	LL_i39	98.4148	600	658
G0390_i2	G0390_i2	100	517	523
G0390_i2	G0395_i1	99.9677	512	523
G0390_i2	G0385_i1	99.9541	514	523
G0390_i2	G0348_i1	99.1218	497	523
G0390_i2	G0174_i2	99.0748	508	523
G0390_i2	G0362_i3	99.0431	500	523
G0390_i2	G0361_i1	99.0328	506	523
G0390_i2	G0354_i4	99.0157	501	523
G0390_i2	G0078_i1	98.97	502	523
G0390_i2	G0333_i1	98.9546	511	523
G0390_i2	G0317_i1	98.9447	506	523
G0390_i2	G0391_i2	98.9297	506	523
G0390_i2	G0075_i4	98.9278	492	523
G0390_i2	G0355_i2	98.9178	508	523
G0390_i2	G0032_i2	98.9133	515	523
G0390_i2	G0393_i1	98.9119	488	523
G0390_i2	G0349_i1	98.9043	487	523
G0390_i2	G0322_i1	98.8948	458	523
G0390_i2	G0046_i2	98.8941	503	523
G0390_i2	G0416_i3	98.8804	509	523
G0390_i2	G0380_i2	98.8676	510	523
G0390_i2	G0321_i2	98.8546	509	523
G0390_i2	G0315_i1	98.8497	510	523
G0390_i2	T150_i1	98.8417	501	523
G0390_i2	G0065_i2	98.8342	506	523
G0390_i2	G0363_i4	98.7881	509	523
G0390_i2	G0411_i1	98.7749	503	523
G0390_i2	G0364_i3	98.763	492	523
G0390_i2	G0370_i3	98.7575	507	523
G0390_i2	G0371_i3	98.7516	511	523
G0390_i2	G0412_i1	98.7455	506	523
G0390_i2	G0350_i2	98.7382	502	523
G0390_i2	G0218_i4b	98.7141	496	523
G0390_i2	G0365_i1	98.7064	437	523
G0390_i2	T262_i2	98.6975	503	523
G0390_i2	LL_i39	98.4549	508	523
G0393_i1	G0393_i1	100	666	671
G0393_i1	G0361_i1	99.7654	619	671
G0393_i1	G0362_i3	99.7487	591	671
G0393_i1	G0348_i1	99.7384	609	671
G0393_i1	G0385_i1	99.0116	558	671
G0393_i1	G0395_i1	99.0053	556	671
G0393_i1	G0349_i1	98.9751	549	671
G0393_i1	G0390_i2	98.9391	483	671
G0393_i1	G0078_i1	98.9259	557	671
G0393_i1	G0174_i2	98.9131	583	671
G0393_i1	G0333_i1	98.883	600	671
G0393_i1	G0321_i2	98.8109	577	671
G0393_i1	G0032_i2	98.7353	579	671
G0393_i1	G0075_i4	98.733	550	671
G0393_i1	G0365_i1	98.698	504	671
G0393_i1	G0065_i2	98.694	596	671
G0393_i1	G0046_i2	98.692	572	671
G0393_i1	G0380_i2	98.67	572	671
G0393_i1	G0317_i1	98.6593	589	671
G0393_i1	G0355_i2	98.6498	562	671
G0393_i1	T150_i1	98.6479	584	671
G0393_i1	G0391_i2	98.6299	567	671
G0393_i1	G0218_i4b	98.6183	561	671
G0393_i1	G0411_i1	98.5985	583	671
G0393_i1	G0416_i3	98.5898	565	671
G0393_i1	T262_i2	98.5747	558	671
G0393_i1	G0412_i1	98.5603	592	671
G0393_i1	G0363_i4	98.5588	598	671
G0393_i1	LL_i39	98.5452	569	671
G0393_i1	G0350_i2	98.5398	582	671
G0393_i1	G0371_i3	98.5368	574	671
G0393_i1	G0354_i4	98.524	582	671
G0393_i1	G0364_i3	98.5001	579	671
G0393_i1	G0322_i1	98.4883	510	671
G0393_i1	G0315_i1	98.4674	591	671
G0393_i1	G0370_i3	98.4569	585	671
G0411_i1	G0411_i1	100	662	664
G0411_i1	G0371_i3	99.8981	632	664
G0411_i1	G0363_i4	99.8964	658	664
G0411_i1	G0350_i2	99.8622	640	664
G0411_i1	G0364_i3	99.8298	634	664
G0411_i1	G0412_i1	99.7776	647	664
G0411_i1	G0365_i1	99.7259	546	664
G0411_i1	G0065_i2	99.211	633	664
G0411_i1	G0075_i4	98.8247	566	664
G0411_i1	G0317_i1	98.8047	591	664
G0411_i1	G0355_i2	98.7898	587	664
G0411_i1	G0380_i2	98.7781	604	664
G0411_i1	G0393_i1	98.7592	583	664
G0411_i1	G0362_i3	98.7588	563	664
G0411_i1	G0354_i4	98.7556	600	664
G0411_i1	G0395_i1	98.748	562	664
G0411_i1	G0349_i1	98.7306	555	664
G0411_i1	G0046_i2	98.7302	589	664
G0411_i1	G0361_i1	98.7225	594	664
G0411_i1	G0078_i1	98.7217	569	664
G0411_i1	G0174_i2	98.7133	593	664
G0411_i1	G0032_i2	98.7013	597	664
G0411_i1	G0321_i2	98.6936	599	664
G0411_i1	G0333_i1	98.6933	603	664
G0411_i1	G0348_i1	98.6919	579	664
G0411_i1	G0416_i3	98.6887	595	664
G0411_i1	G0385_i1	98.6866	563	664
G0411_i1	G0391_i2	98.6854	589	664
G0411_i1	G0218_i4b	98.6369	577	664
G0411_i1	T150_i1	98.6278	588	664
G0411_i1	G0370_i3	98.6227	600	664
G0411_i1	T262_i2	98.6095	569	664
G0411_i1	G0322_i1	98.6065	511	664
G0411_i1	LL_i39	98.5658	575	664
G0411_i1	G0390_i2	98.5532	502	664
G0411_i1	G0315_i1	98.5399	616	664
G0416_i3	G0416_i3	100	640	642
G0416_i3	G0391_i2	99.703	615	642
G0416_i3	G0315_i1	99.2829	604	642
G0416_i3	G0317_i1	98.9462	608	642
G0416_i3	G0355_i2	98.9315	586	642
G0416_i3	G0333_i1	98.9217	610	642
G0416_i3	G0078_i1	98.8843	580	642
G0416_i3	G0380_i2	98.8377	607	642
G0416_i3	G0065_i2	98.8367	595	642
G0416_i3	G0390_i2	98.8332	501	642
G0416_i3	G0322_i1	98.8314	525	642
G0416_i3	G0363_i4	98.8312	598	642
G0416_i3	G0395_i1	98.8249	579	642
G0416_i3	G0354_i4	98.8222	597	642
G0416_i3	G0385_i1	98.8032	586	642
G0416_i3	G0412_i1	98.7967	594	642
G0416_i3	G0370_i3	98.782	602	642
G0416_i3	G0046_i2	98.7687	588	642
G0416_i3	G0364_i3	98.7677	576	642
G0416_i3	G0411_i1	98.7656	587	642
G0416_i3	G0371_i3	98.7636	598	642
G0416_i3	G0321_i2	98.7602	599	642
G0416_i3	G0350_i2	98.7561	581	642
G0416_i3	G0174_i2	98.7552	606	642
G0416_i3	G0365_i1	98.7483	494	642
G0416_i3	G0349_i1	98.7468	559	642
G0416_i3	G0075_i4	98.721	563	642
G0416_i3	G0348_i1	98.7207	578	642
G0416_i3	T150_i1	98.7065	589	642
G0416_i3	G0361_i1	98.7061	599	642
G0416_i3	G0362_i3	98.6511	573	642
G0416_i3	G0218_i4b	98.643	583	642
G0416_i3	T262_i2	98.6037	577	642
G0416_i3	G0393_i1	98.5898	565	642
G0416_i3	G0032_i2	98.5648	604	642
G0416_i3	LL_i39	98.4113	588	642
T150_i1	T150_i1	100	650	651
T150_i1	T262_i2	98.912	589	651
T150_i1	G0317_i1	98.7501	589	651
T150_i1	G0361_i1	98.7062	602	651
T150_i1	G0395_i1	98.6901	576	651
T150_i1	G0355_i2	98.6866	580	651
T150_i1	G0416_i3	98.6754	590	651
T150_i1	LL_i39	98.6706	610	651
T150_i1	G0393_i1	98.6607	573	651
T150_i1	G0065_i2	98.6558	595	651
T150_i1	G0365_i1	98.6463	494	651
T150_i1	G0333_i1	98.6397	611	651
T150_i1	G0348_i1	98.6365	590	651
T150_i1	G0078_i1	98.6321	566	651
T150_i1	G0362_i3	98.6315	572	651
T150_i1	G0363_i4	98.6264	595	651
T150_i1	G0391_i2	98.6138	586	651
T150_i1	G0174_i2	98.6119	603	651
T150_i1	G0411_i1	98.6017	584	651
T150_i1	G0075_i4	98.5971	561	651
T150_i1	G0385_i1	98.5883	583	651
T150_i1	G0412_i1	98.5863	588	651
T150_i1	G0380_i2	98.5754	607	651
T150_i1	G0032_i2	98.5729	605	651
T150_i1	G0390_i2	98.5724	494	651
T150_i1	G0371_i3	98.5658	596	651
T150_i1	G0364_i3	98.5236	569	651
T150_i1	G0321_i2	98.5224	606	651
T150_i1	G0354_i4	98.5201	606	651
T150_i1	G0349_i1	98.5198	566	651
T150_i1	G0046_i2	98.5189	595	651
T150_i1	G0350_i2	98.5173	583	651
T150_i1	G0315_i1	98.4985	593	651
T150_i1	G0322_i1	98.4981	513	651
T150_i1	G0218_i4b	98.4788	581	651
T150_i1	G0370_i3	98.4118	604	651
G0046_i2	G0046_i2	100	629	633
G0046_i2	G0380_i2	99.7624	622	633
G0046_i2	G0315_i1	98.9153	603	633
G0046_i2	G0365_i1	98.9047	488	633
G0046_i2	G0362_i3	98.8644	569	633
G0046_i2	G0350_i2	98.8462	580	633
G0046_i2	G0361_i1	98.8455	599	633
G0046_i2	G0348_i1	98.8444	584	633
G0046_i2	G0349_i1	98.8382	560	633
G0046_i2	G0391_i2	98.8246	585	633
G0046_i2	G0411_i1	98.8243	582	633
G0046_i2	G0364_i3	98.8209	575	633
G0046_i2	G0371_i3	98.8132	590	633
G0046_i2	G0354_i4	98.8129	598	633
G0046_i2	G0412_i1	98.7956	590	633
G0046_i2	G0416_i3	98.7778	588	633
G0046_i2	G0363_i4	98.7777	594	633
G0046_i2	G0065_i2	98.7745	591	633
G0046_i2	G0395_i1	98.7579	570	633
G0046_i2	G0321_i2	98.7531	591	633
G0046_i2	G0317_i1	98.7359	596	633
G0046_i2	G0333_i1	98.7167	602	633
G0046_i2	G0218_i4b	98.7101	578	633
G0046_i2	G0355_i2	98.7069	580	633
G0046_i2	G0385_i1	98.7018	572	633
G0046_i2	G0393_i1	98.7007	571	633
G0046_i2	G0078_i1	98.6977	575	633
G0046_i2	G0322_i1	98.6883	521	633
G0046_i2	G0032_i2	98.6749	591	633
G0046_i2	G0075_i4	98.6571	558	633
G0046_i2	G0390_i2	98.6236	504	633
G0046_i2	T150_i1	98.6172	597	633
G0046_i2	G0370_i3	98.5808	599	633
G0046_i2	T262_i2	98.5798	572	633
G0046_i2	G0174_i2	98.5725	598	633
G0046_i2	LL_i39	98.3339	584	633
G0075_i4	G0075_i4	100	598	606
G0075_i4	G0174_i2	98.9633	579	606
G0075_i4	G0065_i2	98.8715	571	606
G0075_i4	G0416_i3	98.8457	562	606
G0075_i4	G0411_i1	98.8432	569	606
G0075_i4	G0361_i1	98.8423	573	606
G0075_i4	G0349_i1	98.8402	537	606
G0075_i4	G0385_i1	98.8398	551	606
G0075_i4	G0371_i3	98.8394	575	606
G0075_i4	G0078_i1	98.8391	552	606
G0075_i4	G0355_i2	98.8342	571	606
G0075_i4	G0412_i1	98.8338	572	606
G0075_i4	G0333_i1	98.8317	584	606
G0075_i4	G0354_i4	98.8308	578	606
G0075_i4	G0363_i4	98.8264	583	606
G0075_i4	G0395_i1	98.8259	551	606
G0075_i4	G0364_i3	98.7942	559	606
G0075_i4	G0365_i1	98.7926	487	606
G0075_i4	G0348_i1	98.7846	562	606
G0075_i4	G0391_i2	98.7733	570	606
G0075_i4	G0350_i2	98.7708	567	606
G0075_i4	G0317_i1	98.7647	571	606
G0075_i4	G0390_i2	98.7348	488	606
G0075_i4	G0362_i3	98.7334	552	606
G0075_i4	G0315_i1	98.7311	570	606
G0075_i4	G0380_i2	98.731	580	606
G0075_i4	G0046_i2	98.7252	563	606
G0075_i4	G0393_i1	98.7188	553	606
G0075_i4	G0032_i2	98.7111	577	606
G0075_i4	G0322_i1	98.6906	517	606
G0075_i4	G0218_i4b	98.6682	546	606
G0075_i4	T150_i1	98.6643	566	606
G0075_i4	T262_i2	98.6622	550	606
G0075_i4	G0321_i2	98.6494	583	606
G0075_i4	G0370_i3	98.5745	573	606
G0075_i4	LL_i39	98.4791	567	606
G0174_i2	G0174_i2	100	686	687
G0174_i2	G0361_i1	98.8486	616	687
G0174_i2	G0390_i2	98.8382	500	687
G0174_i2	G0348_i1	98.8232	599	687
G0174_i2	G0393_i1	98.8182	576	687
G0174_i2	G0065_i2	98.8179	616	687
G0174_i2	G0416_i3	98.8076	605	687
G0174_i2	G0362_i3	98.8042	582	687
G0174_i2	G0075_i4	98.8026	583	687
G0174_i2	G0395_i1	98.7986	586	687
G0174_i2	G0333_i1	98.7938	622	687
G0174_i2	G0317_i1	98.7911	615	687
G0174_i2	G0391_i2	98.7796	603	687
G0174_i2	G0385_i1	98.773	591	687
G0174_i2	G0371_i3	98.7545	601	687
G0174_i2	G0349_i1	98.7521	568	687
G0174_i2	G0411_i1	98.7472	596	687
G0174_i2	G0355_i2	98.7346	597	687
G0174_i2	G0363_i4	98.7322	603	687
G0174_i2	T262_i2	98.7283	601	687
G0174_i2	G0078_i1	98.7265	591	687
G0174_i2	G0412_i1	98.7145	598	687
G0174_i2	G0354_i4	98.7011	612	687
G0174_i2	G0350_i2	98.6881	585	687
G0174_i2	G0364_i3	98.6844	575	687
G0174_i2	T150_i1	98.6714	608	687
G0174_i2	G0321_i2	98.6591	624	687
G0174_i2	G0032_i2	98.6565	640	687
G0174_i2	G0380_i2	98.6364	616	687
G0174_i2	G0315_i1	98.6256	609	687
G0174_i2	G0322_i1	98.6178	523	687
G0174_i2	G0370_i3	98.5924	611	687
G0174_i2	G0218_i4b	98.5919	596	687
G0174_i2	G0046_i2	98.557	588	687
G0174_i2	G0365_i1	98.5489	494	687
G0174_i2	LL_i39	98.4942	607	687
G0315_i1	G0315_i1	100	685	686
G0315_i1	G0416_i3	99.1857	607	686
G0315_i1	G0391_i2	99.159	600	686
G0315_i1	G0046_i2	98.853	598	686
G0315_i1	G0333_i1	98.8143	605	686
G0315_i1	G0321_i2	98.7927	601	686
G0315_i1	G0354_i4	98.7857	596	686
G0315_i1	G0078_i1	98.752	578	686
G0315_i1	G0395_i1	98.7477	571	686
G0315_i1	G0380_i2	98.7317	603	686
G0315_i1	G0317_i1	98.7171	606	686
G0315_i1	G0385_i1	98.7169	574	686
G0315_i1	G0218_i4b	98.7144	592	686
G0315_i1	G0371_i3	98.7093	602	686
G0315_i1	G0355_i2	98.7015	593	686
G0315_i1	G0322_i1	98.692	526	686
G0315_i1	G0349_i1	98.6755	568	686
G0315_i1	G0390_i2	98.6744	498	686
G0315_i1	G0370_i3	98.6637	607	686
G0315_i1	G0362_i3	98.6383	572	686
G0315_i1	G0412_i1	98.6216	619	686
G0315_i1	G0348_i1	98.6165	590	686
G0315_i1	G0350_i2	98.6125	601	686
G0315_i1	G0363_i4	98.6078	626	686
G0315_i1	G0032_i2	98.6052	606	686
G0315_i1	G0075_i4	98.602	568	686
G0315_i1	G0365_i1	98.5982	519	686
G0315_i1	G0361_i1	98.5946	606	686
G0315_i1	G0411_i1	98.5885	610	686
G0315_i1	G0174_i2	98.5828	613	686
G0315_i1	T262_i2	98.5664	580	686
G0315_i1	G0065_i2	98.5402	614	686
G0315_i1	T150_i1	98.5299	598	686
G0315_i1	G0364_i3	98.518	599	686
G0315_i1	LL_i39	98.4485	584	686
G0315_i1	G0393_i1	98.4248	594	686
G0321_i2	G0321_i2	100	667	667
G0321_i2	G0333_i1	98.9997	625	667
G0321_i2	G0348_i1	98.9088	583	667
G0321_i2	G0078_i1	98.8936	584	667
G0321_i2	G0362_i3	98.8815	565	667
G0321_i2	G0370_i3	98.8604	628	667
G0321_i2	G0354_i4	98.8602	630	667
G0321_i2	G0361_i1	98.8343	604	667
G0321_i2	G0349_i1	98.8325	568	667
G0321_i2	G0322_i1	98.8121	542	667
G0321_i2	G0391_i2	98.7989	593	667
G0321_i2	G0032_i2	98.7816	617	667
G0321_i2	G0315_i1	98.7631	598	667
G0321_i2	G0393_i1	98.7606	569	667
G0321_i2	G0317_i1	98.7563	602	667
G0321_i2	G0385_i1	98.751	574	667
G0321_i2	G0395_i1	98.7506	571	667
G0321_i2	G0355_i2	98.7146	621	667
G0321_i2	G0365_i1	98.7034	493	667
G0321_i2	G0350_i2	98.7018	584	667
G0321_i2	G0416_i3	98.6808	591	667
G0321_i2	G0174_i2	98.6667	614	667
G0321_i2	G0364_i3	98.6578	578	667
G0321_i2	G0390_i2	98.6427	501	667
G0321_i2	G0075_i4	98.6363	574	667
G0321_i2	G0411_i1	98.6317	595	667
G0321_i2	T150_i1	98.6261	596	667
G0321_i2	G0218_i4b	98.6023	576	667
G0321_i2	G0065_i2	98.5713	599	667
G0321_i2	G0380_i2	98.5674	616	667
G0321_i2	G0371_i3	98.5592	605	667
G0321_i2	G0412_i1	98.5312	598	667
G0321_i2	T262_i2	98.5264	587	667
G0321_i2	G0363_i4	98.5252	606	667
G0321_i2	G0046_i2	98.5123	599	667
G0321_i2	LL_i39	98.4361	594	667
G0333_i1	G0333_i1	100	691	692
G0333_i1	G0391_i2	98.9868	614	692
G0333_i1	G0416_i3	98.961	602	692
G0333_i1	G0349_i1	98.9553	579	692
G0333_i1	G0321_i2	98.9464	632	692
G0333_i1	G0078_i1	98.9068	597	692
G0333_i1	G0317_i1	98.8961	615	692
G0333_i1	G0348_i1	98.8751	616	692
G0333_i1	G0393_i1	98.826	600	692
G0333_i1	G0361_i1	98.8143	643	692
G0333_i1	G0362_i3	98.8123	598	692
G0333_i1	G0385_i1	98.8088	595	692
G0333_i1	G0354_i4	98.8003	627	692
G0333_i1	G0395_i1	98.7956	590	692
G0333_i1	G0355_i2	98.7945	606	692
G0333_i1	G0390_i2	98.7914	506	692
G0333_i1	G0315_i1	98.7797	604	692
G0333_i1	G0075_i4	98.7563	577	692
G0333_i1	G0370_i3	98.7369	631	692
G0333_i1	G0350_i2	98.7282	591	692
G0333_i1	G0065_i2	98.7189	612	692
G0333_i1	G0032_i2	98.7156	622	692
G0333_i1	G0322_i1	98.6874	540	692
G0333_i1	G0411_i1	98.6778	599	692
G0333_i1	T150_i1	98.646	609	692
G0333_i1	G0046_i2	98.6456	597	692
G0333_i1	G0174_i2	98.6407	622	692
G0333_i1	G0371_i3	98.6373	605	692
G0333_i1	G0412_i1	98.6345	608	692
G0333_i1	G0363_i4	98.6264	615	692
G0333_i1	G0365_i1	98.5923	506	692
G0333_i1	G0380_i2	98.5645	622	692
G0333_i1	G0364_i3	98.5544	589	692
G0333_i1	G0218_i4b	98.5383	580	692
G0333_i1	T262_i2	98.5309	590	692
G0333_i1	LL_i39	98.4104	605	692
G0349_i1	G0349_i1	100	610	613
G0349_i1	G0333_i1	99.0586	582	613
G0349_i1	G0348_i1	99.0197	559	613
G0349_i1	G0385_i1	98.9627	542	613
G0349_i1	G0317_i1	98.954	560	613
G0349_i1	G0361_i1	98.9489	574	613
G0349_i1	G0362_i3	98.941	555	613
G0349_i1	G0393_i1	98.928	544	613
G0349_i1	G0078_i1	98.8741	557	613
G0349_i1	G0395_i1	98.8463	550	613
G0349_i1	G0412_i1	98.8439	556	613
G0349_i1	G0350_i2	98.8379	546	613
G0349_i1	G0370_i3	98.8314	569	613
G0349_i1	G0371_i3	98.8207	552	613
G0349_i1	G0174_i2	98.8104	565	613
G0349_i1	G0321_i2	98.7797	573	613
G0349_i1	G0364_i3	98.7764	540	613
G0349_i1	G0391_i2	98.7718	567	613
G0349_i1	G0365_i1	98.7703	472	613
G0349_i1	G0355_i2	98.7547	566	613
G0349_i1	G0046_i2	98.7519	568	613
G0349_i1	G0363_i4	98.75	556	613
G0349_i1	G0315_i1	98.7484	574	613
G0349_i1	G0411_i1	98.7482	553	613
G0349_i1	G0075_i4	98.7373	543	613
G0349_i1	G0322_i1	98.7227	502	613
G0349_i1	G0390_i2	98.7056	485	613
G0349_i1	G0416_i3	98.7028	564	613
G0349_i1	G0354_i4	98.6874	576	613
G0349_i1	T262_i2	98.6827	557	613
G0349_i1	G0065_i2	98.6812	564	613
G0349_i1	G0032_i2	98.6401	571	613
G0349_i1	G0218_i4b	98.6151	558	613
G0349_i1	G0380_i2	98.4969	567	613
G0349_i1	T150_i1	98.496	567	613
G0349_i1	LL_i39	98.4881	558	613
G0354_i4	G0354_i4	100	680	682
G0354_i4	G0355_i2	99.9501	644	682
G0354_i4	G0322_i1	99.8215	563	682
G0354_i4	G0416_i3	98.8886	592	682
G0354_i4	G0032_i2	98.8675	619	682
G0354_i4	G0321_i2	98.8537	639	682
G0354_i4	G0349_i1	98.8518	568	682
G0354_i4	G0317_i1	98.8432	599	682
G0354_i4	G0315_i1	98.8318	606	682
G0354_i4	G0333_i1	98.8306	628	682
G0354_i4	G0391_i2	98.8303	603	682
G0354_i4	G0371_i3	98.8188	596	682
G0354_i4	G0370_i3	98.8037	623	682
G0354_i4	G0075_i4	98.777	573	682
G0354_i4	G0174_i2	98.7153	613	682
G0354_i4	G0380_i2	98.7116	615	682
G0354_i4	G0078_i1	98.7114	579	682
G0354_i4	G0365_i1	98.7053	501	682
G0354_i4	G0350_i2	98.7008	588	682
G0354_i4	G0390_i2	98.696	508	682
G0354_i4	G0411_i1	98.6918	596	682
G0354_i4	G0065_i2	98.6909	597	682
G0354_i4	G0395_i1	98.6903	584	682
G0354_i4	T150_i1	98.6708	600	682
G0354_i4	G0363_i4	98.6684	611	682
G0354_i4	G0348_i1	98.6684	592	682
G0354_i4	G0218_i4b	98.6479	577	682
G0354_i4	G0412_i1	98.6462	595	682
G0354_i4	G0385_i1	98.6285	586	682
G0354_i4	G0046_i2	98.6204	601	682
G0354_i4	G0362_i3	98.6092	580	682
G0354_i4	G0364_i3	98.5771	583	682
G0354_i4	G0361_i1	98.5696	612	682
G0354_i4	T262_i2	98.5597	587	682
G0354_i4	G0393_i1	98.5132	578	682
G0354_i4	LL_i39	98.4561	592	682
G0361_i1	G0361_i1	100	672	675
G0361_i1	G0348_i1	99.9473	636	675
G0361_i1	G0362_i3	99.9122	620	675
G0361_i1	G0393_i1	99.7033	619	675
G0361_i1	G0385_i1	99.0053	588	675
G0361_i1	G0395_i1	99.0034	583	675
G0361_i1	G0349_i1	98.9499	567	675
G0361_i1	G0333_i1	98.9345	634	675
G0361_i1	G0390_i2	98.884	500	675
G0361_i1	G0321_i2	98.8652	609	675
G0361_i1	G0078_i1	98.8544	589	675
G0361_i1	G0174_i2	98.7644	621	675
G0361_i1	G0380_i2	98.7603	600	675
G0361_i1	G0416_i3	98.7543	594	675
G0361_i1	T262_i2	98.7469	594	675
G0361_i1	G0317_i1	98.7348	607	675
G0361_i1	G0032_i2	98.7236	615	675
G0361_i1	G0046_i2	98.7228	601	675
G0361_i1	G0075_i4	98.7214	569	675
G0361_i1	G0065_i2	98.716	607	675
G0361_i1	G0371_i3	98.7116	598	675
G0361_i1	G0411_i1	98.7071	594	675
G0361_i1	G0391_i2	98.679	598	675
G0361_i1	G0354_i4	98.6605	610	675
G0361_i1	G0363_i4	98.6522	608	675
G0361_i1	G0412_i1	98.6509	600	675
G0361_i1	G0364_i3	98.6422	582	675
G0361_i1	G0365_i1	98.6415	495	675
G0361_i1	T150_i1	98.6411	608	675
G0361_i1	G0370_i3	98.6399	611	675
G0361_i1	G0355_i2	98.6397	593	675
G0361_i1	G0350_i2	98.6308	592	675
G0361_i1	G0315_i1	98.6211	605	675
G0361_i1	LL_i39	98.6145	595	675
G0361_i1	G0218_i4b	98.5953	583	675
G0361_i1	G0322_i1	98.5847	524	675
G0363_i4	G0363_i4	100	677	679
G0363_i4	G0371_i3	99.9774	645	679
G0363_i4	G0350_i2	99.9533	654	679
G0363_i4	G0364_i3	99.9404	643	679
G0363_i4	G0411_i1	99.877	657	679
G0363_i4	G0412_i1	99.8482	664	679
G0363_i4	G0365_i1	99.814	548	679
G0363_i4	G0065_i2	99.2212	643	679
G0363_i4	G0380_i2	98.9449	611	679
G0363_i4	G0333_i1	98.8325	609	679
G0363_i4	G0317_i1	98.8289	602	679
G0363_i4	G0046_i2	98.8187	598	679
G0363_i4	G0395_i1	98.8062	569	679
G0363_i4	G0391_i2	98.7964	595	679
G0363_i4	G0416_i3	98.7951	603	679
G0363_i4	G0355_i2	98.7899	596	679
G0363_i4	G0348_i1	98.7875	582	679
G0363_i4	G0075_i4	98.7834	570	679
G0363_i4	G0354_i4	98.7805	607	679
G0363_i4	G0078_i1	98.7489	578	679
G0363_i4	G0393_i1	98.7449	591	679
G0363_i4	G0361_i1	98.7376	604	679
G0363_i4	G0322_i1	98.7277	523	679
G0363_i4	G0362_i3	98.72	577	679
G0363_i4	G0385_i1	98.7097	579	679
G0363_i4	G0174_i2	98.6953	609	679
G0363_i4	G0349_i1	98.6866	562	679
G0363_i4	T150_i1	98.6626	600	679
G0363_i4	G0321_i2	98.6506	604	679
G0363_i4	G0032_i2	98.6489	609	679
G0363_i4	T262_i2	98.6427	584	679
G0363_i4	G0390_i2	98.6347	502	679
G0363_i4	G0218_i4b	98.6308	579	679
G0363_i4	G0370_i3	98.6233	608	679
G0363_i4	LL_i39	98.5607	589	679
G0363_i4	G0315_i1	98.5432	628	679
G0365_i1	G0365_i1	100	552	558
G0365_i1	G0363_i4	99.9933	556	558
G0365_i1	G0371_i3	99.9821	538	558
G0365_i1	G0350_i2	99.9814	557	558
G0365_i1	G0364_i3	99.9615	546	558
G0365_i1	G0412_i1	99.8823	553	558
G0365_i1	G0411_i1	99.8622	555	558
G0365_i1	G0065_i2	99.2501	537	558
G0365_i1	G0046_i2	98.9273	503	558
G0365_i1	G0380_i2	98.8685	509	558
G0365_i1	G0075_i4	98.8656	481	558
G0365_i1	G0348_i1	98.8569	493	558
G0365_i1	G0391_i2	98.8358	502	558
G0365_i1	G0349_i1	98.8117	486	558
G0365_i1	G0321_i2	98.8007	501	558
G0365_i1	T150_i1	98.799	497	558
G0365_i1	G0385_i1	98.7927	488	558
G0365_i1	G0362_i3	98.7887	493	558
G0365_i1	G0395_i1	98.7714	486	558
G0365_i1	G0393_i1	98.7682	504	558
G0365_i1	G0317_i1	98.7673	502	558
G0365_i1	G0361_i1	98.764	504	558
G0365_i1	G0416_i3	98.7599	509	558
G0365_i1	G0355_i2	98.7519	504	558
G0365_i1	G0322_i1	98.7339	466	558
G0365_i1	G0078_i1	98.731	494	558
G0365_i1	G0218_i4b	98.729	499	558
G0365_i1	G0315_i1	98.7287	528	558
G0365_i1	G0174_i2	98.7197	501	558
G0365_i1	G0390_i2	98.7158	440	558
G0365_i1	G0370_i3	98.7088	506	558
G0365_i1	G0333_i1	98.6987	509	558
G0365_i1	G0032_i2	98.693	509	558
G0365_i1	G0354_i4	98.6865	511	558
G0365_i1	T262_i2	98.6663	492	558
G0365_i1	LL_i39	98.6115	494	558
G0371_i3	G0371_i3	100	652	657
G0371_i3	G0363_i4	99.9673	643	657
G0371_i3	G0350_i2	99.9459	624	657
G0371_i3	G0364_i3	99.9395	623	657
G0371_i3	G0412_i1	99.9318	639	657
G0371_i3	G0411_i1	99.8607	632	657
G0371_i3	G0365_i1	99.7919	534	657
G0371_i3	G0065_i2	99.2065	625	657
G0371_i3	G0380_i2	98.8509	613	657
G0371_i3	G0317_i1	98.8268	598	657
G0371_i3	G0355_i2	98.8262	588	657
G0371_i3	G0075_i4	98.8182	568	657
G0371_i3	G0046_i2	98.7868	594	657
G0371_i3	G0361_i1	98.785	602	657
G0371_i3	G0391_i2	98.7783	591	657
G0371_i3	G0393_i1	98.7676	571	657
G0371_i3	G0395_i1	98.7592	574	657
G0371_i3	G0333_i1	98.7564	612	657
G0371_i3	G0078_i1	98.7552	575	657
G0371_i3	G0322_i1	98.7495	513	657
G0371_i3	G0354_i4	98.739	607	657
G0371_i3	G0348_i1	98.7349	585	657
G0371_i3	G0362_i3	98.7333	580	657
G0371_i3	G0174_i2	98.7192	603	657
G0371_i3	G0416_i3	98.6904	604	657
G0371_i3	G0032_i2	98.6877	606	657
G0371_i3	G0385_i1	98.6838	580	657
G0371_i3	G0390_i2	98.6802	503	657
G0371_i3	G0218_i4b	98.6753	584	657
G0371_i3	G0349_i1	98.6731	561	657
G0371_i3	T150_i1	98.6657	595	657
G0371_i3	T262_i2	98.6603	582	657
G0371_i3	G0370_i3	98.645	605	657
G0371_i3	G0315_i1	98.6367	613	657
G0371_i3	G0321_i2	98.618	605	657
G0371_i3	LL_i39	98.5903	586	657
G0385_i1	G0385_i1	100	622	624
G0385_i1	G0395_i1	99.9946	610	624
G0385_i1	G0390_i2	99.8189	512	624
G0385_i1	G0348_i1	99.0802	573	624
G0385_i1	G0361_i1	99.0362	594	624
G0385_i1	G0362_i3	98.9809	561	624
G0385_i1	G0317_i1	98.9516	581	624
G0385_i1	G0065_i2	98.9404	573	624
G0385_i1	G0078_i1	98.9159	563	624
G0385_i1	G0333_i1	98.8953	595	624
G0385_i1	G0174_i2	98.8653	590	624
G0385_i1	G0349_i1	98.8597	548	624
G0385_i1	G0321_i2	98.853	575	624
G0385_i1	G0393_i1	98.8528	562	624
G0385_i1	G0032_i2	98.8441	591	624
G0385_i1	G0416_i3	98.8201	588	624
G0385_i1	G0315_i1	98.8164	577	624
G0385_i1	G0363_i4	98.8108	572	624
G0385_i1	G0391_i2	98.791	583	624
G0385_i1	G0411_i1	98.7887	564	624
G0385_i1	G0371_i3	98.7837	576	624
G0385_i1	G0075_i4	98.7777	548	624
G0385_i1	G0350_i2	98.77	559	624
G0385_i1	G0412_i1	98.7639	574	624
G0385_i1	G0046_i2	98.7639	575	624
G0385_i1	G0354_i4	98.7628	586	624
G0385_i1	G0380_i2	98.76	588	624
G0385_i1	G0355_i2	98.7587	576	624
G0385_i1	G0364_i3	98.751	555	624
G0385_i1	G0322_i1	98.7189	510	624
G0385_i1	T150_i1	98.7112	582	624
G0385_i1	G0370_i3	98.697	585	624
G0385_i1	G0365_i1	98.6964	485	624
G0385_i1	G0218_i4b	98.6854	560	624
G0385_i1	T262_i2	98.6776	566	624
G0385_i1	LL_i39	98.5072	575	624
G0391_i2	G0391_i2	100	650	656
G0391_i2	G0416_i3	99.6945	620	656
G0391_i2	G0315_i1	99.2066	608	656
G0391_i2	G0333_i1	99.0277	611	656
G0391_i2	G0065_i2	98.8589	589	656
G0391_i2	G0078_i1	98.8523	582	656
G0391_i2	G0354_i4	98.8465	603	656
G0391_i2	G0355_i2	98.8425	590	656
G0391_i2	G0317_i1	98.8315	599	656
G0391_i2	G0046_i2	98.8213	584	656
G0391_i2	G0395_i1	98.8193	579	656
G0391_i2	G0350_i2	98.818	574	656
G0391_i2	G0385_i1	98.817	581	656
G0391_i2	G0370_i3	98.8085	599	656
G0391_i2	G0362_i3	98.7961	567	656
G0391_i2	G0363_i4	98.7883	593	656
G0391_i2	G0364_i3	98.7845	568	656
G0391_i2	G0361_i1	98.7834	595	656
G0391_i2	G0075_i4	98.7818	564	656
G0391_i2	G0390_i2	98.7801	504	656
G0391_i2	G0322_i1	98.7773	530	656
G0391_i2	G0321_i2	98.769	604	656
G0391_i2	G0349_i1	98.7653	559	656
G0391_i2	G0348_i1	98.7621	584	656
G0391_i2	G0393_i1	98.7515	567	656
G0391_i2	G0412_i1	98.747	590	656
G0391_i2	G0411_i1	98.7397	584	656
G0391_i2	G0174_i2	98.7324	607	656
G0391_i2	G0371_i3	98.7273	592	656
G0391_i2	G0032_i2	98.7212	597	656
G0391_i2	G0365_i1	98.7104	496	656
G0391_i2	G0380_i2	98.6806	605	656
G0391_i2	T150_i1	98.621	590	656
G0391_i2	G0218_i4b	98.5823	574	656
G0391_i2	T262_i2	98.5588	573	656
G0391_i2	LL_i39	98.3413	584	656
G0395_i1	G0395_i1	100	618	619
G0395_i1	G0385_i1	99.9887	612	619
G0395_i1	G0390_i2	99.7233	512	619
G0395_i1	G0348_i1	99.0708	571	619
G0395_i1	G0317_i1	99.0022	572	619
G0395_i1	G0361_i1	98.9689	590	619
G0395_i1	G0362_i3	98.9334	560	619
G0395_i1	G0078_i1	98.9051	563	619
G0395_i1	G0075_i4	98.8818	550	619
G0395_i1	G0174_i2	98.876	587	619
G0395_i1	G0065_i2	98.8636	575	619
G0395_i1	G0393_i1	98.8612	558	619
G0395_i1	G0349_i1	98.8576	550	619
G0395_i1	G0412_i1	98.8483	570	619
G0395_i1	G0333_i1	98.8296	594	619
G0395_i1	G0416_i3	98.8177	584	619
G0395_i1	G0032_i2	98.8158	595	619
G0395_i1	G0391_i2	98.8101	577	619
G0395_i1	G0354_i4	98.7916	582	619
G0395_i1	G0315_i1	98.7906	578	619
G0395_i1	G0355_i2	98.789	568	619
G0395_i1	G0321_i2	98.7837	579	619
G0395_i1	G0411_i1	98.7761	563	619
G0395_i1	G0363_i4	98.7494	577	619
G0395_i1	G0364_i3	98.7485	554	619
G0395_i1	G0371_i3	98.7458	575	619
G0395_i1	G0380_i2	98.7401	583	619
G0395_i1	G0365_i1	98.734	486	619
G0395_i1	G0350_i2	98.7134	559	619
G0395_i1	G0046_i2	98.653	575	619
G0395_i1	G0322_i1	98.6446	510	619
G0395_i1	G0218_i4b	98.6343	561	619
G0395_i1	T150_i1	98.6321	580	619
G0395_i1	G0370_i3	98.6176	585	619
G0395_i1	T262_i2	98.546	567	619
G0395_i1	LL_i39	98.4832	577	619
G0412_i1	G0412_i1	100	671	672
G0412_i1	G0371_i3	99.9541	640	672
G0412_i1	G0363_i4	99.8383	665	672
G0412_i1	G0350_i2	99.8065	645	672
G0412_i1	G0364_i3	99.7905	638	672
G0412_i1	G0411_i1	99.7323	651	672
G0412_i1	G0365_i1	99.7056	547	672
G0412_i1	G0065_i2	99.1012	643	672
G0412_i1	G0380_i2	98.8165	610	672
G0412_i1	G0395_i1	98.8104	571	672
G0412_i1	G0078_i1	98.807	576	672
G0412_i1	G0416_i3	98.7953	601	672
G0412_i1	G0362_i3	98.7934	567	672
G0412_i1	G0317_i1	98.7891	594	672
G0412_i1	G0046_i2	98.7883	600	672
G0412_i1	G0348_i1	98.7809	585	672
G0412_i1	G0361_i1	98.7663	598	672
G0412_i1	G0355_i2	98.7624	588	672
G0412_i1	G0075_i4	98.7579	568	672
G0412_i1	G0391_i2	98.75	594	672
G0412_i1	G0349_i1	98.7445	551	672
G0412_i1	G0393_i1	98.7319	585	672
G0412_i1	G0354_i4	98.7197	605	672
G0412_i1	G0333_i1	98.7174	606	672
G0412_i1	G0385_i1	98.7107	579	672
G0412_i1	G0218_i4b	98.7011	580	672
G0412_i1	T150_i1	98.6745	595	672
G0412_i1	G0174_i2	98.6714	600	672
G0412_i1	G0315_i1	98.647	615	672
G0412_i1	G0032_i2	98.6404	604	672
G0412_i1	G0322_i1	98.635	519	672
G0412_i1	T262_i2	98.6276	578	672
G0412_i1	G0370_i3	98.6028	604	672
G0412_i1	G0390_i2	98.596	504	672
G0412_i1	G0321_i2	98.5922	604	672
G0412_i1	LL_i39	98.5803	585	672
LL_i39	LL_i39	100	639	639
LL_i39	T262_i2	98.7638	601	639
LL_i39	T150_i1	98.7462	605	639
LL_i39	G0348_i1	98.632	570	639
LL_i39	G0371_i3	98.6007	581	639
LL_i39	G0411_i1	98.5991	573	639
LL_i39	G0412_i1	98.5896	576	639
LL_i39	G0363_i4	98.5811	585	639
LL_i39	G0317_i1	98.561	589	639
LL_i39	G0395_i1	98.5414	563	639
LL_i39	G0075_i4	98.5414	558	639
LL_i39	G0065_i2	98.5321	589	639
LL_i39	G0350_i2	98.5251	568	639
LL_i39	G0393_i1	98.524	566	639
LL_i39	G0380_i2	98.4922	597	639
LL_i39	G0362_i3	98.4861	569	639
LL_i39	G0385_i1	98.4828	574	639
LL_i39	G0078_i1	98.4681	575	639
LL_i39	G0364_i3	98.4663	562	639
LL_i39	G0354_i4	98.4628	598	639
LL_i39	G0361_i1	98.4604	604	639
LL_i39	G0355_i2	98.4604	579	639
LL_i39	G0315_i1	98.4296	586	639
LL_i39	G0349_i1	98.4292	557	639
LL_i39	G0365_i1	98.4207	488	639
LL_i39	G0174_i2	98.4158	610	639
LL_i39	G0321_i2	98.4015	598	639
LL_i39	G0390_i2	98.4014	496	639
LL_i39	G0333_i1	98.3999	608	639
LL_i39	G0218_i4b	98.3969	575	639
LL_i39	G0322_i1	98.3705	507	639
LL_i39	G0032_i2	98.3548	610	639
LL_i39	G0370_i3	98.3496	595	639
LL_i39	G0416_i3	98.3478	587	639
LL_i39	G0391_i2	98.2812	581	639
LL_i39	G0046_i2	98.2551	587	639
T262_i2	T262_i2	100	639	640
T262_i2	T150_i1	98.8276	598	640
T262_i2	G0174_i2	98.7813	592	640
T262_i2	LL_i39	98.7797	596	640
T262_i2	G0317_i1	98.7019	579	640
T262_i2	G0361_i1	98.6982	594	640
T262_i2	G0348_i1	98.6537	576	640
T262_i2	G0333_i1	98.6503	596	640
T262_i2	G0075_i4	98.6487	544	640
T262_i2	G0371_i3	98.6272	576	640
T262_i2	G0362_i3	98.6246	563	640
T262_i2	G0363_i4	98.6177	580	640
T262_i2	G0416_i3	98.6151	569	640
T262_i2	G0032_i2	98.6013	595	640
T262_i2	G0390_i2	98.589	494	640
T262_i2	G0046_i2	98.5851	568	640
T262_i2	G0412_i1	98.5838	575	640
T262_i2	G0393_i1	98.5802	559	640
T262_i2	G0349_i1	98.5767	559	640
T262_i2	G0391_i2	98.5761	564	640
T262_i2	G0065_i2	98.5637	584	640
T262_i2	G0395_i1	98.5558	568	640
T262_i2	G0078_i1	98.5528	562	640
T262_i2	G0385_i1	98.5467	572	640
T262_i2	G0315_i1	98.5316	584	640
T262_i2	G0350_i2	98.5187	570	640
T262_i2	G0321_i2	98.5124	594	640
T262_i2	G0218_i4b	98.5117	569	640
T262_i2	G0364_i3	98.5091	558	640
T262_i2	G0380_i2	98.5055	585	640
T262_i2	G0355_i2	98.5046	574	640
T262_i2	G0411_i1	98.5029	571	640
T262_i2	G0370_i3	98.4677	591	640
T262_i2	G0365_i1	98.4586	487	640
T262_i2	G0322_i1	98.4267	518	640
T262_i2	G0354_i4	98.3335	588	640
